Ident;X;Y;Transfers;InjectedTransfers;PodsHandled;PodHandlingTimeAvg;PodHandlingTimeVar;PodHandlingTimeMin;PodHandlingTimeMax;PileOn;IdleTime;UpTime
InputStation0;0.50;12.50;0;0;0;0;0;0;0;0;2500;0
OutputStation0;55.50;3.50;14;0;13;10.8271295374127;0.990997642838945;10.0444444444444;12.9466666666666;1.07692307692308;2361.63305195909;2500
OutputStation1;55.50;9.50;6;0;5;10.1185555555556;0.0109011728395117;10.0444444444444;10.2644444444443;1.2;2440.425;2500
